,destinos
18,https://www.cenace.gob.mx/DocsMEM/OpeMdo/CantidAsig/MDA/PorParticipanteMercado/CantAsigPartMercadoMDA%20BCA%20MDA%20Dia%202021-03-01%20v2021%2002%2028_12%2024%2057.csv
19,https://www.cenace.gob.mx/DocsMEM/OpeMdo/CantidAsig/MDA/PorParticipanteMercado/CantAsigPartMercadoMDA%20BCA%20MDA%20Dia%202021-03-01%20v2021%2002%2028_12%2024%2057.csv
20,https://www.cenace.gob.mx/DocsMEM/OpeMdo/CantidAsig/MDA/PorParticipanteMercado/CantAsigPartMercadoMDA%20BCS%20MDA%20Dia%202021-03-01%20v2021%2002%2028_14%2034%2017.csv
21,https://www.cenace.gob.mx/DocsMEM/OpeMdo/CantidAsig/MDA/PorParticipanteMercado/CantAsigPartMercadoMDA%20BCS%20MDA%20Dia%202021-03-01%20v2021%2002%2028_14%2034%2017.csv
22,https://www.cenace.gob.mx/DocsMEM/OpeMdo/CantidAsig/MDA/PorParticipanteMercado/CantAsigPartMercadoMDA%20SIN%20MDA%20Dia%202021-02-28%20v2021%2002%2027_15%2057%2029.csv
23,https://www.cenace.gob.mx/DocsMEM/OpeMdo/CantidAsig/MDA/PorParticipanteMercado/CantAsigPartMercadoMDA%20SIN%20MDA%20Dia%202021-02-28%20v2021%2002%2027_15%2057%2029.csv
24,https://www.cenace.gob.mx/DocsMEM/OpeMdo/CantidAsig/MDA/PorParticipanteMercado/CantAsigPartMercadoMDA%20SIN%20MDA%20Dia%202021-02-27%20v2021%2002%2026_17%2003%2012.csv
25,https://www.cenace.gob.mx/DocsMEM/OpeMdo/CantidAsig/MDA/PorParticipanteMercado/CantAsigPartMercadoMDA%20SIN%20MDA%20Dia%202021-02-27%20v2021%2002%2026_17%2003%2012.csv
26,https://www.cenace.gob.mx/DocsMEM/OpeMdo/CantidAsig/MDA/PorParticipanteMercado/CantAsigPartMercadoMDA%20SIN%20MDA%20Dia%202021-02-26%20v2021%2002%2025_16%2007%2018.csv
27,https://www.cenace.gob.mx/DocsMEM/OpeMdo/CantidAsig/MDA/PorParticipanteMercado/CantAsigPartMercadoMDA%20SIN%20MDA%20Dia%202021-02-26%20v2021%2002%2025_16%2007%2018.csv
28,https://www.cenace.gob.mx/DocsMEM/OpeMdo/CantidAsig/MDA/PorParticipanteMercado/CantAsigPartMercadoMDA%20SIN%20MDA%20Dia%202021-02-25%20v2021%2002%2024_16%2025%2030.csv
29,https://www.cenace.gob.mx/DocsMEM/OpeMdo/CantidAsig/MDA/PorParticipanteMercado/CantAsigPartMercadoMDA%20SIN%20MDA%20Dia%202021-02-25%20v2021%2002%2024_16%2025%2030.csv
30,https://www.cenace.gob.mx/DocsMEM/OpeMdo/CantidAsig/MDA/PorParticipanteMercado/CantAsigPartMercadoMDA%20SIN%20MDA%20Dia%202021-02-24%20v2021%2002%2023_16%2012%2013.csv
31,https://www.cenace.gob.mx/DocsMEM/OpeMdo/CantidAsig/MDA/PorParticipanteMercado/CantAsigPartMercadoMDA%20SIN%20MDA%20Dia%202021-02-24%20v2021%2002%2023_16%2012%2013.csv
32,https://www.cenace.gob.mx/DocsMEM/OpeMdo/CantidAsig/MDA/PorParticipanteMercado/CantAsigPartMercadoMDA%20SIN%20MDA%20Dia%202021-02-23%20v2021%2002%2022_16%2046%2020.csv
33,https://www.cenace.gob.mx/DocsMEM/OpeMdo/CantidAsig/MDA/PorParticipanteMercado/CantAsigPartMercadoMDA%20SIN%20MDA%20Dia%202021-02-23%20v2021%2002%2022_16%2046%2020.csv
34,https://www.cenace.gob.mx/DocsMEM/OpeMdo/CantidAsig/MDA/PorParticipanteMercado/CantAsigPartMercadoMDA%20SIN%20MDA%20Dia%202021-02-22%20v2021%2002%2021_18%2010%2011.csv
35,https://www.cenace.gob.mx/DocsMEM/OpeMdo/CantidAsig/MDA/PorParticipanteMercado/CantAsigPartMercadoMDA%20SIN%20MDA%20Dia%202021-02-22%20v2021%2002%2021_18%2010%2011.csv
36,https://www.cenace.gob.mx/DocsMEM/OpeMdo/CantidAsig/MDA/PorParticipanteMercado/CantAsigPartMercadoMDA%20SIN%20MDA%20Dia%202021-02-21%20v2021%2002%2020_18%2009%2012.csv
37,https://www.cenace.gob.mx/DocsMEM/OpeMdo/CantidAsig/MDA/PorParticipanteMercado/CantAsigPartMercadoMDA%20SIN%20MDA%20Dia%202021-02-21%20v2021%2002%2020_18%2009%2012.csv
38,https://www.cenace.gob.mx/DocsMEM/OpeMdo/CantidAsig/MDA/PorParticipanteMercado/CantAsigPartMercadoMDA%20SIN%20MDA%20Dia%202021-02-20%20v2021%2002%2019_23%2049%2007.csv
39,https://www.cenace.gob.mx/DocsMEM/OpeMdo/CantidAsig/MDA/PorParticipanteMercado/CantAsigPartMercadoMDA%20SIN%20MDA%20Dia%202021-02-20%20v2021%2002%2019_23%2049%2007.csv
40,https://www.cenace.gob.mx/DocsMEM/OpeMdo/CantidAsig/MDA/PorParticipanteMercado/CantAsigPartMercadoMDA%20SIN%20MDA%20Dia%202021-02-19%20v2021%2002%2018_23%2003%2033.csv
41,https://www.cenace.gob.mx/DocsMEM/OpeMdo/CantidAsig/MDA/PorParticipanteMercado/CantAsigPartMercadoMDA%20SIN%20MDA%20Dia%202021-02-19%20v2021%2002%2018_23%2003%2033.csv
42,https://www.cenace.gob.mx/DocsMEM/OpeMdo/CantidAsig/MDA/PorParticipanteMercado/CantAsigPartMercadoMDA%20SIN%20MDA%20Dia%202021-02-18%20v2021%2002%2017_22%2001%2019.csv
43,https://www.cenace.gob.mx/DocsMEM/OpeMdo/CantidAsig/MDA/PorParticipanteMercado/CantAsigPartMercadoMDA%20SIN%20MDA%20Dia%202021-02-18%20v2021%2002%2017_22%2001%2019.csv
44,https://www.cenace.gob.mx/DocsMEM/OpeMdo/CantidAsig/MDA/PorParticipanteMercado/CantAsigPartMercadoMDA%20SIN%20MDA%20Dia%202021-02-17%20v2021%2002%2016_23%2032%2027.csv
45,https://www.cenace.gob.mx/DocsMEM/OpeMdo/CantidAsig/MDA/PorParticipanteMercado/CantAsigPartMercadoMDA%20SIN%20MDA%20Dia%202021-02-17%20v2021%2002%2016_23%2032%2027.csv
46,https://www.cenace.gob.mx/DocsMEM/OpeMdo/CantidAsig/MDA/PorParticipanteMercado/CantAsigPartMercadoMDA%20SIN%20MDA%20Dia%202021-02-16%20v2021%2002%2015_23%2011%2054.csv
47,https://www.cenace.gob.mx/DocsMEM/OpeMdo/CantidAsig/MDA/PorParticipanteMercado/CantAsigPartMercadoMDA%20SIN%20MDA%20Dia%202021-02-16%20v2021%2002%2015_23%2011%2054.csv
48,https://www.cenace.gob.mx/DocsMEM/OpeMdo/CantidAsig/MDA/PorParticipanteMercado/CantAsigPartMercadoMDA%20SIN%20MDA%20Dia%202021-02-15%20v2021%2002%2014_19%2019%2054.csv
49,https://www.cenace.gob.mx/DocsMEM/OpeMdo/CantidAsig/MDA/PorParticipanteMercado/CantAsigPartMercadoMDA%20SIN%20MDA%20Dia%202021-02-15%20v2021%2002%2014_19%2019%2054.csv
50,https://www.cenace.gob.mx/DocsMEM/OpeMdo/CantidAsig/MDA/PorParticipanteMercado/CantAsigPartMercadoMDA%20SIN%20MDA%20Dia%202021-02-14%20v2021%2002%2013_16%2053%2058.csv
51,https://www.cenace.gob.mx/DocsMEM/OpeMdo/CantidAsig/MDA/PorParticipanteMercado/CantAsigPartMercadoMDA%20SIN%20MDA%20Dia%202021-02-14%20v2021%2002%2013_16%2053%2058.csv
52,https://www.cenace.gob.mx/DocsMEM/OpeMdo/CantidAsig/MDA/PorParticipanteMercado/CantAsigPartMercadoMDA%20SIN%20MDA%20Dia%202021-02-13%20v2021%2002%2012_20%2006%2039.csv
53,https://www.cenace.gob.mx/DocsMEM/OpeMdo/CantidAsig/MDA/PorParticipanteMercado/CantAsigPartMercadoMDA%20SIN%20MDA%20Dia%202021-02-13%20v2021%2002%2012_20%2006%2039.csv
54,https://www.cenace.gob.mx/DocsMEM/OpeMdo/CantidAsig/MDA/PorParticipanteMercado/CantAsigPartMercadoMDA%20SIN%20MDA%20Dia%202021-02-12%20v2021%2002%2011_16%2052%2059.csv
55,https://www.cenace.gob.mx/DocsMEM/OpeMdo/CantidAsig/MDA/PorParticipanteMercado/CantAsigPartMercadoMDA%20SIN%20MDA%20Dia%202021-02-12%20v2021%2002%2011_16%2052%2059.csv
56,https://www.cenace.gob.mx/DocsMEM/OpeMdo/CantidAsig/MDA/PorParticipanteMercado/CantAsigPartMercadoMDA%20SIN%20MDA%20Dia%202021-02-11%20v2021%2002%2010_16%2032%2007.csv
57,https://www.cenace.gob.mx/DocsMEM/OpeMdo/CantidAsig/MDA/PorParticipanteMercado/CantAsigPartMercadoMDA%20SIN%20MDA%20Dia%202021-02-11%20v2021%2002%2010_16%2032%2007.csv
58,https://www.cenace.gob.mx/DocsMEM/OpeMdo/CantidAsig/MDA/PorParticipanteMercado/CantAsigPartMercadoMDA%20SIN%20MDA%20Dia%202021-02-10%20v2021%2002%2009_15%2048%2005.csv
59,https://www.cenace.gob.mx/DocsMEM/OpeMdo/CantidAsig/MDA/PorParticipanteMercado/CantAsigPartMercadoMDA%20SIN%20MDA%20Dia%202021-02-10%20v2021%2002%2009_15%2048%2005.csv
60,https://www.cenace.gob.mx/DocsMEM/OpeMdo/CantidAsig/MDA/PorParticipanteMercado/CantAsigPartMercadoMDA%20SIN%20MDA%20Dia%202021-02-09%20v2021%2002%2008_15%2035%2057.csv
61,https://www.cenace.gob.mx/DocsMEM/OpeMdo/CantidAsig/MDA/PorParticipanteMercado/CantAsigPartMercadoMDA%20SIN%20MDA%20Dia%202021-02-09%20v2021%2002%2008_15%2035%2057.csv
62,https://www.cenace.gob.mx/DocsMEM/OpeMdo/CantidAsig/MDA/PorParticipanteMercado/CantAsigPartMercadoMDA%20SIN%20MDA%20Dia%202021-02-08%20v2021%2002%2007_17%2039%2000.csv
63,https://www.cenace.gob.mx/DocsMEM/OpeMdo/CantidAsig/MDA/PorParticipanteMercado/CantAsigPartMercadoMDA%20SIN%20MDA%20Dia%202021-02-08%20v2021%2002%2007_17%2039%2000.csv
64,https://www.cenace.gob.mx/DocsMEM/OpeMdo/CantidAsig/MDA/PorParticipanteMercado/CantAsigPartMercadoMDA%20SIN%20MDA%20Dia%202021-02-07%20v2021%2002%2006_17%2034%2037.csv
65,https://www.cenace.gob.mx/DocsMEM/OpeMdo/CantidAsig/MDA/PorParticipanteMercado/CantAsigPartMercadoMDA%20SIN%20MDA%20Dia%202021-02-07%20v2021%2002%2006_17%2034%2037.csv
66,https://www.cenace.gob.mx/DocsMEM/OpeMdo/CantidAsig/MDA/PorParticipanteMercado/CantAsigPartMercadoMDA%20SIN%20MDA%20Dia%202021-02-06%20v2021%2002%2005_15%2004%2025.csv
67,https://www.cenace.gob.mx/DocsMEM/OpeMdo/CantidAsig/MDA/PorParticipanteMercado/CantAsigPartMercadoMDA%20SIN%20MDA%20Dia%202021-02-06%20v2021%2002%2005_15%2004%2025.csv
68,https://www.cenace.gob.mx/DocsMEM/OpeMdo/CantidAsig/MDA/PorParticipanteMercado/CantAsigPartMercadoMDA%20SIN%20MDA%20Dia%202021-02-05%20v2021%2002%2004_16%2059%2050.csv
69,https://www.cenace.gob.mx/DocsMEM/OpeMdo/CantidAsig/MDA/PorParticipanteMercado/CantAsigPartMercadoMDA%20SIN%20MDA%20Dia%202021-02-05%20v2021%2002%2004_16%2059%2050.csv
70,https://www.cenace.gob.mx/DocsMEM/OpeMdo/CantidAsig/MDA/PorParticipanteMercado/CantAsigPartMercadoMDA%20SIN%20MDA%20Dia%202021-02-04%20v2021%2002%2003_17%2019%2033.csv
71,https://www.cenace.gob.mx/DocsMEM/OpeMdo/CantidAsig/MDA/PorParticipanteMercado/CantAsigPartMercadoMDA%20SIN%20MDA%20Dia%202021-02-04%20v2021%2002%2003_17%2019%2033.csv
72,https://www.cenace.gob.mx/DocsMEM/OpeMdo/CantidAsig/MDA/PorParticipanteMercado/CantAsigPartMercadoMDA%20SIN%20MDA%20Dia%202021-02-03%20v2021%2002%2002_15%2016%2012.csv
73,https://www.cenace.gob.mx/DocsMEM/OpeMdo/CantidAsig/MDA/PorParticipanteMercado/CantAsigPartMercadoMDA%20SIN%20MDA%20Dia%202021-02-03%20v2021%2002%2002_15%2016%2012.csv
74,https://www.cenace.gob.mx/DocsMEM/OpeMdo/CantidAsig/MDA/PorParticipanteMercado/CantAsigPartMercadoMDA%20SIN%20MDA%20Dia%202021-02-02%20v2021%2002%2001_14%2032%2023.csv
75,https://www.cenace.gob.mx/DocsMEM/OpeMdo/CantidAsig/MDA/PorParticipanteMercado/CantAsigPartMercadoMDA%20SIN%20MDA%20Dia%202021-02-02%20v2021%2002%2001_14%2032%2023.csv
76,https://www.cenace.gob.mx/DocsMEM/OpeMdo/CantidAsig/MDA/PorParticipanteMercado/CantAsigPartMercadoMDA%20SIN%20MDA%20Dia%202021-02-01%20v2021%2001%2031_15%2035%2024.csv
77,https://www.cenace.gob.mx/DocsMEM/OpeMdo/CantidAsig/MDA/PorParticipanteMercado/CantAsigPartMercadoMDA%20SIN%20MDA%20Dia%202021-02-01%20v2021%2001%2031_15%2035%2024.csv
78,https://www.cenace.gob.mx/DocsMEM/OpeMdo/CantidAsig/MDA/PorParticipanteMercado/CantAsigPartMercadoMDA%20BCA%20MDA%20Dia%202021-02-28%20v2021%2002%2027_13%2005%2056.csv
79,https://www.cenace.gob.mx/DocsMEM/OpeMdo/CantidAsig/MDA/PorParticipanteMercado/CantAsigPartMercadoMDA%20BCA%20MDA%20Dia%202021-02-28%20v2021%2002%2027_13%2005%2056.csv
80,https://www.cenace.gob.mx/DocsMEM/OpeMdo/CantidAsig/MDA/PorParticipanteMercado/CantAsigPartMercadoMDA%20BCA%20MDA%20Dia%202021-02-27%20v2021%2002%2026_12%2047%2015.csv
81,https://www.cenace.gob.mx/DocsMEM/OpeMdo/CantidAsig/MDA/PorParticipanteMercado/CantAsigPartMercadoMDA%20BCA%20MDA%20Dia%202021-02-27%20v2021%2002%2026_12%2047%2015.csv
82,https://www.cenace.gob.mx/DocsMEM/OpeMdo/CantidAsig/MDA/PorParticipanteMercado/CantAsigPartMercadoMDA%20BCA%20MDA%20Dia%202021-02-26%20v2021%2002%2025_12%2053%2015.csv
83,https://www.cenace.gob.mx/DocsMEM/OpeMdo/CantidAsig/MDA/PorParticipanteMercado/CantAsigPartMercadoMDA%20BCA%20MDA%20Dia%202021-02-26%20v2021%2002%2025_12%2053%2015.csv
84,https://www.cenace.gob.mx/DocsMEM/OpeMdo/CantidAsig/MDA/PorParticipanteMercado/CantAsigPartMercadoMDA%20BCA%20MDA%20Dia%202021-02-25%20v2021%2002%2024_12%2053%2020.csv
85,https://www.cenace.gob.mx/DocsMEM/OpeMdo/CantidAsig/MDA/PorParticipanteMercado/CantAsigPartMercadoMDA%20BCA%20MDA%20Dia%202021-02-25%20v2021%2002%2024_12%2053%2020.csv
86,https://www.cenace.gob.mx/DocsMEM/OpeMdo/CantidAsig/MDA/PorParticipanteMercado/CantAsigPartMercadoMDA%20BCA%20MDA%20Dia%202021-02-24%20v2021%2002%2023_12%2023%2048.csv
87,https://www.cenace.gob.mx/DocsMEM/OpeMdo/CantidAsig/MDA/PorParticipanteMercado/CantAsigPartMercadoMDA%20BCA%20MDA%20Dia%202021-02-24%20v2021%2002%2023_12%2023%2048.csv
88,https://www.cenace.gob.mx/DocsMEM/OpeMdo/CantidAsig/MDA/PorParticipanteMercado/CantAsigPartMercadoMDA%20BCA%20MDA%20Dia%202021-02-23%20v2021%2002%2022_13%2024%2000.csv
89,https://www.cenace.gob.mx/DocsMEM/OpeMdo/CantidAsig/MDA/PorParticipanteMercado/CantAsigPartMercadoMDA%20BCA%20MDA%20Dia%202021-02-23%20v2021%2002%2022_13%2024%2000.csv
90,https://www.cenace.gob.mx/DocsMEM/OpeMdo/CantidAsig/MDA/PorParticipanteMercado/CantAsigPartMercadoMDA%20BCA%20MDA%20Dia%202021-02-22%20v2021%2002%2021_12%2001%2034.csv
91,https://www.cenace.gob.mx/DocsMEM/OpeMdo/CantidAsig/MDA/PorParticipanteMercado/CantAsigPartMercadoMDA%20BCA%20MDA%20Dia%202021-02-22%20v2021%2002%2021_12%2001%2034.csv
92,https://www.cenace.gob.mx/DocsMEM/OpeMdo/CantidAsig/MDA/PorParticipanteMercado/CantAsigPartMercadoMDA%20BCA%20MDA%20Dia%202021-02-21%20v2021%2002%2020_13%2025%2052.csv
93,https://www.cenace.gob.mx/DocsMEM/OpeMdo/CantidAsig/MDA/PorParticipanteMercado/CantAsigPartMercadoMDA%20BCA%20MDA%20Dia%202021-02-21%20v2021%2002%2020_13%2025%2052.csv
94,https://www.cenace.gob.mx/DocsMEM/OpeMdo/CantidAsig/MDA/PorParticipanteMercado/CantAsigPartMercadoMDA%20BCA%20MDA%20Dia%202021-02-20%20v2021%2002%2019_17%2040%2015.csv
95,https://www.cenace.gob.mx/DocsMEM/OpeMdo/CantidAsig/MDA/PorParticipanteMercado/CantAsigPartMercadoMDA%20BCA%20MDA%20Dia%202021-02-20%20v2021%2002%2019_17%2040%2015.csv
96,https://www.cenace.gob.mx/DocsMEM/OpeMdo/CantidAsig/MDA/PorParticipanteMercado/CantAsigPartMercadoMDA%20BCA%20MDA%20Dia%202021-02-19%20v2021%2002%2018_16%2025%2058.csv
97,https://www.cenace.gob.mx/DocsMEM/OpeMdo/CantidAsig/MDA/PorParticipanteMercado/CantAsigPartMercadoMDA%20BCA%20MDA%20Dia%202021-02-19%20v2021%2002%2018_16%2025%2058.csv
98,https://www.cenace.gob.mx/DocsMEM/OpeMdo/CantidAsig/MDA/PorParticipanteMercado/CantAsigPartMercadoMDA%20BCA%20MDA%20Dia%202021-02-18%20v2021%2002%2017_18%2032%2022.csv
99,https://www.cenace.gob.mx/DocsMEM/OpeMdo/CantidAsig/MDA/PorParticipanteMercado/CantAsigPartMercadoMDA%20BCA%20MDA%20Dia%202021-02-18%20v2021%2002%2017_18%2032%2022.csv
100,https://www.cenace.gob.mx/DocsMEM/OpeMdo/CantidAsig/MDA/PorParticipanteMercado/CantAsigPartMercadoMDA%20BCA%20MDA%20Dia%202021-02-17%20v2021%2002%2016_20%2021%2025.csv
101,https://www.cenace.gob.mx/DocsMEM/OpeMdo/CantidAsig/MDA/PorParticipanteMercado/CantAsigPartMercadoMDA%20BCA%20MDA%20Dia%202021-02-17%20v2021%2002%2016_20%2021%2025.csv
102,https://www.cenace.gob.mx/DocsMEM/OpeMdo/CantidAsig/MDA/PorParticipanteMercado/CantAsigPartMercadoMDA%20BCA%20MDA%20Dia%202021-02-16%20v2021%2002%2015_12%2027%2006.csv
103,https://www.cenace.gob.mx/DocsMEM/OpeMdo/CantidAsig/MDA/PorParticipanteMercado/CantAsigPartMercadoMDA%20BCA%20MDA%20Dia%202021-02-16%20v2021%2002%2015_12%2027%2006.csv
104,https://www.cenace.gob.mx/DocsMEM/OpeMdo/CantidAsig/MDA/PorParticipanteMercado/CantAsigPartMercadoMDA%20BCA%20MDA%20Dia%202021-02-15%20v2021%2002%2014_12%2037%2035.csv
105,https://www.cenace.gob.mx/DocsMEM/OpeMdo/CantidAsig/MDA/PorParticipanteMercado/CantAsigPartMercadoMDA%20BCA%20MDA%20Dia%202021-02-15%20v2021%2002%2014_12%2037%2035.csv
106,https://www.cenace.gob.mx/DocsMEM/OpeMdo/CantidAsig/MDA/PorParticipanteMercado/CantAsigPartMercadoMDA%20BCA%20MDA%20Dia%202021-02-14%20v2021%2002%2013_12%2049%2024.csv
107,https://www.cenace.gob.mx/DocsMEM/OpeMdo/CantidAsig/MDA/PorParticipanteMercado/CantAsigPartMercadoMDA%20BCA%20MDA%20Dia%202021-02-14%20v2021%2002%2013_12%2049%2024.csv
108,https://www.cenace.gob.mx/DocsMEM/OpeMdo/CantidAsig/MDA/PorParticipanteMercado/CantAsigPartMercadoMDA%20BCA%20MDA%20Dia%202021-02-13%20v2021%2002%2012_14%2046%2043.csv
109,https://www.cenace.gob.mx/DocsMEM/OpeMdo/CantidAsig/MDA/PorParticipanteMercado/CantAsigPartMercadoMDA%20BCA%20MDA%20Dia%202021-02-13%20v2021%2002%2012_14%2046%2043.csv
110,https://www.cenace.gob.mx/DocsMEM/OpeMdo/CantidAsig/MDA/PorParticipanteMercado/CantAsigPartMercadoMDA%20BCA%20MDA%20Dia%202021-02-12%20v2021%2002%2011_12%2016%2013.csv
111,https://www.cenace.gob.mx/DocsMEM/OpeMdo/CantidAsig/MDA/PorParticipanteMercado/CantAsigPartMercadoMDA%20BCA%20MDA%20Dia%202021-02-12%20v2021%2002%2011_12%2016%2013.csv
112,https://www.cenace.gob.mx/DocsMEM/OpeMdo/CantidAsig/MDA/PorParticipanteMercado/CantAsigPartMercadoMDA%20BCA%20MDA%20Dia%202021-02-11%20v2021%2002%2010_12%2032%2025.csv
113,https://www.cenace.gob.mx/DocsMEM/OpeMdo/CantidAsig/MDA/PorParticipanteMercado/CantAsigPartMercadoMDA%20BCA%20MDA%20Dia%202021-02-11%20v2021%2002%2010_12%2032%2025.csv
114,https://www.cenace.gob.mx/DocsMEM/OpeMdo/CantidAsig/MDA/PorParticipanteMercado/CantAsigPartMercadoMDA%20BCA%20MDA%20Dia%202021-02-10%20v2021%2002%2009_12%2005%2043.csv
115,https://www.cenace.gob.mx/DocsMEM/OpeMdo/CantidAsig/MDA/PorParticipanteMercado/CantAsigPartMercadoMDA%20BCA%20MDA%20Dia%202021-02-10%20v2021%2002%2009_12%2005%2043.csv
116,https://www.cenace.gob.mx/DocsMEM/OpeMdo/CantidAsig/MDA/PorParticipanteMercado/CantAsigPartMercadoMDA%20BCA%20MDA%20Dia%202021-02-09%20v2021%2002%2008_12%2021%2041.csv
117,https://www.cenace.gob.mx/DocsMEM/OpeMdo/CantidAsig/MDA/PorParticipanteMercado/CantAsigPartMercadoMDA%20BCA%20MDA%20Dia%202021-02-09%20v2021%2002%2008_12%2021%2041.csv
118,https://www.cenace.gob.mx/DocsMEM/OpeMdo/CantidAsig/MDA/PorParticipanteMercado/CantAsigPartMercadoMDA%20BCA%20MDA%20Dia%202021-02-08%20v2021%2002%2007_12%2002%2026.csv
119,https://www.cenace.gob.mx/DocsMEM/OpeMdo/CantidAsig/MDA/PorParticipanteMercado/CantAsigPartMercadoMDA%20BCA%20MDA%20Dia%202021-02-08%20v2021%2002%2007_12%2002%2026.csv
120,https://www.cenace.gob.mx/DocsMEM/OpeMdo/CantidAsig/MDA/PorParticipanteMercado/CantAsigPartMercadoMDA%20BCA%20MDA%20Dia%202021-02-07%20v2021%2002%2006_12%2008%2042.csv
121,https://www.cenace.gob.mx/DocsMEM/OpeMdo/CantidAsig/MDA/PorParticipanteMercado/CantAsigPartMercadoMDA%20BCA%20MDA%20Dia%202021-02-07%20v2021%2002%2006_12%2008%2042.csv
122,https://www.cenace.gob.mx/DocsMEM/OpeMdo/CantidAsig/MDA/PorParticipanteMercado/CantAsigPartMercadoMDA%20BCA%20MDA%20Dia%202021-02-06%20v2021%2002%2005_12%2001%2035.csv
123,https://www.cenace.gob.mx/DocsMEM/OpeMdo/CantidAsig/MDA/PorParticipanteMercado/CantAsigPartMercadoMDA%20BCA%20MDA%20Dia%202021-02-06%20v2021%2002%2005_12%2001%2035.csv
124,https://www.cenace.gob.mx/DocsMEM/OpeMdo/CantidAsig/MDA/PorParticipanteMercado/CantAsigPartMercadoMDA%20BCA%20MDA%20Dia%202021-02-05%20v2021%2002%2004_12%2001%2035.csv
125,https://www.cenace.gob.mx/DocsMEM/OpeMdo/CantidAsig/MDA/PorParticipanteMercado/CantAsigPartMercadoMDA%20BCA%20MDA%20Dia%202021-02-05%20v2021%2002%2004_12%2001%2035.csv
126,https://www.cenace.gob.mx/DocsMEM/OpeMdo/CantidAsig/MDA/PorParticipanteMercado/CantAsigPartMercadoMDA%20BCA%20MDA%20Dia%202021-02-04%20v2021%2002%2003_12%2010%2013.csv
127,https://www.cenace.gob.mx/DocsMEM/OpeMdo/CantidAsig/MDA/PorParticipanteMercado/CantAsigPartMercadoMDA%20BCA%20MDA%20Dia%202021-02-04%20v2021%2002%2003_12%2010%2013.csv
128,https://www.cenace.gob.mx/DocsMEM/OpeMdo/CantidAsig/MDA/PorParticipanteMercado/CantAsigPartMercadoMDA%20BCA%20MDA%20Dia%202021-02-03%20v2021%2002%2002_12%2000%2006.csv
129,https://www.cenace.gob.mx/DocsMEM/OpeMdo/CantidAsig/MDA/PorParticipanteMercado/CantAsigPartMercadoMDA%20BCA%20MDA%20Dia%202021-02-03%20v2021%2002%2002_12%2000%2006.csv
130,https://www.cenace.gob.mx/DocsMEM/OpeMdo/CantidAsig/MDA/PorParticipanteMercado/CantAsigPartMercadoMDA%20BCA%20MDA%20Dia%202021-02-02%20v2021%2002%2001_11%2059%2039.csv
131,https://www.cenace.gob.mx/DocsMEM/OpeMdo/CantidAsig/MDA/PorParticipanteMercado/CantAsigPartMercadoMDA%20BCA%20MDA%20Dia%202021-02-02%20v2021%2002%2001_11%2059%2039.csv
132,https://www.cenace.gob.mx/DocsMEM/OpeMdo/CantidAsig/MDA/PorParticipanteMercado/CantAsigPartMercadoMDA%20BCA%20MDA%20Dia%202021-02-01%20v2021%2001%2031_12%2002%2000.csv
133,https://www.cenace.gob.mx/DocsMEM/OpeMdo/CantidAsig/MDA/PorParticipanteMercado/CantAsigPartMercadoMDA%20BCA%20MDA%20Dia%202021-02-01%20v2021%2001%2031_12%2002%2000.csv
134,https://www.cenace.gob.mx/DocsMEM/OpeMdo/CantidAsig/MDA/PorParticipanteMercado/CantAsigPartMercadoMDA%20BCS%20MDA%20Dia%202021-02-28%20v2021%2002%2027_15%2013%2022.csv
135,https://www.cenace.gob.mx/DocsMEM/OpeMdo/CantidAsig/MDA/PorParticipanteMercado/CantAsigPartMercadoMDA%20BCS%20MDA%20Dia%202021-02-28%20v2021%2002%2027_15%2013%2022.csv
136,https://www.cenace.gob.mx/DocsMEM/OpeMdo/CantidAsig/MDA/PorParticipanteMercado/CantAsigPartMercadoMDA%20BCS%20MDA%20Dia%202021-02-27%20v2021%2002%2026_14%2056%2056.csv
137,https://www.cenace.gob.mx/DocsMEM/OpeMdo/CantidAsig/MDA/PorParticipanteMercado/CantAsigPartMercadoMDA%20BCS%20MDA%20Dia%202021-02-27%20v2021%2002%2026_14%2056%2056.csv
138,https://www.cenace.gob.mx/DocsMEM/OpeMdo/CantidAsig/MDA/PorParticipanteMercado/CantAsigPartMercadoMDA%20BCS%20MDA%20Dia%202021-02-26%20v2021%2002%2025_15%2004%2059.csv
139,https://www.cenace.gob.mx/DocsMEM/OpeMdo/CantidAsig/MDA/PorParticipanteMercado/CantAsigPartMercadoMDA%20BCS%20MDA%20Dia%202021-02-26%20v2021%2002%2025_15%2004%2059.csv
140,https://www.cenace.gob.mx/DocsMEM/OpeMdo/CantidAsig/MDA/PorParticipanteMercado/CantAsigPartMercadoMDA%20BCS%20MDA%20Dia%202021-02-25%20v2021%2002%2024_14%2059%2035.csv
141,https://www.cenace.gob.mx/DocsMEM/OpeMdo/CantidAsig/MDA/PorParticipanteMercado/CantAsigPartMercadoMDA%20BCS%20MDA%20Dia%202021-02-25%20v2021%2002%2024_14%2059%2035.csv
142,https://www.cenace.gob.mx/DocsMEM/OpeMdo/CantidAsig/MDA/PorParticipanteMercado/CantAsigPartMercadoMDA%20BCS%20MDA%20Dia%202021-02-24%20v2021%2002%2023_14%2005%2015.csv
143,https://www.cenace.gob.mx/DocsMEM/OpeMdo/CantidAsig/MDA/PorParticipanteMercado/CantAsigPartMercadoMDA%20BCS%20MDA%20Dia%202021-02-24%20v2021%2002%2023_14%2005%2015.csv
144,https://www.cenace.gob.mx/DocsMEM/OpeMdo/CantidAsig/MDA/PorParticipanteMercado/CantAsigPartMercadoMDA%20BCS%20MDA%20Dia%202021-02-23%20v2021%2002%2022_14%2007%2008.csv
145,https://www.cenace.gob.mx/DocsMEM/OpeMdo/CantidAsig/MDA/PorParticipanteMercado/CantAsigPartMercadoMDA%20BCS%20MDA%20Dia%202021-02-23%20v2021%2002%2022_14%2007%2008.csv
146,https://www.cenace.gob.mx/DocsMEM/OpeMdo/CantidAsig/MDA/PorParticipanteMercado/CantAsigPartMercadoMDA%20BCS%20MDA%20Dia%202021-02-22%20v2021%2002%2021_14%2009%2030.csv
147,https://www.cenace.gob.mx/DocsMEM/OpeMdo/CantidAsig/MDA/PorParticipanteMercado/CantAsigPartMercadoMDA%20BCS%20MDA%20Dia%202021-02-22%20v2021%2002%2021_14%2009%2030.csv
148,https://www.cenace.gob.mx/DocsMEM/OpeMdo/CantidAsig/MDA/PorParticipanteMercado/CantAsigPartMercadoMDA%20BCS%20MDA%20Dia%202021-02-21%20v2021%2002%2020_15%2050%2007.csv
149,https://www.cenace.gob.mx/DocsMEM/OpeMdo/CantidAsig/MDA/PorParticipanteMercado/CantAsigPartMercadoMDA%20BCS%20MDA%20Dia%202021-02-21%20v2021%2002%2020_15%2050%2007.csv
150,https://www.cenace.gob.mx/DocsMEM/OpeMdo/CantidAsig/MDA/PorParticipanteMercado/CantAsigPartMercadoMDA%20BCS%20MDA%20Dia%202021-02-20%20v2021%2002%2019_15%2043%2010.csv
151,https://www.cenace.gob.mx/DocsMEM/OpeMdo/CantidAsig/MDA/PorParticipanteMercado/CantAsigPartMercadoMDA%20BCS%20MDA%20Dia%202021-02-20%20v2021%2002%2019_15%2043%2010.csv
152,https://www.cenace.gob.mx/DocsMEM/OpeMdo/CantidAsig/MDA/PorParticipanteMercado/CantAsigPartMercadoMDA%20BCS%20MDA%20Dia%202021-02-19%20v2021%2002%2018_14%2046%2035.csv
153,https://www.cenace.gob.mx/DocsMEM/OpeMdo/CantidAsig/MDA/PorParticipanteMercado/CantAsigPartMercadoMDA%20BCS%20MDA%20Dia%202021-02-19%20v2021%2002%2018_14%2046%2035.csv
154,https://www.cenace.gob.mx/DocsMEM/OpeMdo/CantidAsig/MDA/PorParticipanteMercado/CantAsigPartMercadoMDA%20BCS%20MDA%20Dia%202021-02-18%20v2021%2002%2017_15%2007%2056.csv
155,https://www.cenace.gob.mx/DocsMEM/OpeMdo/CantidAsig/MDA/PorParticipanteMercado/CantAsigPartMercadoMDA%20BCS%20MDA%20Dia%202021-02-18%20v2021%2002%2017_15%2007%2056.csv
156,https://www.cenace.gob.mx/DocsMEM/OpeMdo/CantidAsig/MDA/PorParticipanteMercado/CantAsigPartMercadoMDA%20BCS%20MDA%20Dia%202021-02-17%20v2021%2002%2016_15%2005%2017.csv
157,https://www.cenace.gob.mx/DocsMEM/OpeMdo/CantidAsig/MDA/PorParticipanteMercado/CantAsigPartMercadoMDA%20BCS%20MDA%20Dia%202021-02-17%20v2021%2002%2016_15%2005%2017.csv
158,https://www.cenace.gob.mx/DocsMEM/OpeMdo/CantidAsig/MDA/PorParticipanteMercado/CantAsigPartMercadoMDA%20BCS%20MDA%20Dia%202021-02-16%20v2021%2002%2015_14%2036%2020.csv
159,https://www.cenace.gob.mx/DocsMEM/OpeMdo/CantidAsig/MDA/PorParticipanteMercado/CantAsigPartMercadoMDA%20BCS%20MDA%20Dia%202021-02-16%20v2021%2002%2015_14%2036%2020.csv
160,https://www.cenace.gob.mx/DocsMEM/OpeMdo/CantidAsig/MDA/PorParticipanteMercado/CantAsigPartMercadoMDA%20BCS%20MDA%20Dia%202021-02-15%20v2021%2002%2014_14%2019%2015.csv
161,https://www.cenace.gob.mx/DocsMEM/OpeMdo/CantidAsig/MDA/PorParticipanteMercado/CantAsigPartMercadoMDA%20BCS%20MDA%20Dia%202021-02-15%20v2021%2002%2014_14%2019%2015.csv
162,https://www.cenace.gob.mx/DocsMEM/OpeMdo/CantidAsig/MDA/PorParticipanteMercado/CantAsigPartMercadoMDA%20BCS%20MDA%20Dia%202021-02-14%20v2021%2002%2013_14%2022%2006.csv
163,https://www.cenace.gob.mx/DocsMEM/OpeMdo/CantidAsig/MDA/PorParticipanteMercado/CantAsigPartMercadoMDA%20BCS%20MDA%20Dia%202021-02-14%20v2021%2002%2013_14%2022%2006.csv
164,https://www.cenace.gob.mx/DocsMEM/OpeMdo/CantidAsig/MDA/PorParticipanteMercado/CantAsigPartMercadoMDA%20BCS%20MDA%20Dia%202021-02-13%20v2021%2002%2012_14%2017%2031.csv
165,https://www.cenace.gob.mx/DocsMEM/OpeMdo/CantidAsig/MDA/PorParticipanteMercado/CantAsigPartMercadoMDA%20BCS%20MDA%20Dia%202021-02-13%20v2021%2002%2012_14%2017%2031.csv
166,https://www.cenace.gob.mx/DocsMEM/OpeMdo/CantidAsig/MDA/PorParticipanteMercado/CantAsigPartMercadoMDA%20BCS%20MDA%20Dia%202021-02-12%20v2021%2002%2011_14%2040%2023.csv
167,https://www.cenace.gob.mx/DocsMEM/OpeMdo/CantidAsig/MDA/PorParticipanteMercado/CantAsigPartMercadoMDA%20BCS%20MDA%20Dia%202021-02-12%20v2021%2002%2011_14%2040%2023.csv
168,https://www.cenace.gob.mx/DocsMEM/OpeMdo/CantidAsig/MDA/PorParticipanteMercado/CantAsigPartMercadoMDA%20BCS%20MDA%20Dia%202021-02-11%20v2021%2002%2010_14%2044%2015.csv
169,https://www.cenace.gob.mx/DocsMEM/OpeMdo/CantidAsig/MDA/PorParticipanteMercado/CantAsigPartMercadoMDA%20BCS%20MDA%20Dia%202021-02-11%20v2021%2002%2010_14%2044%2015.csv
170,https://www.cenace.gob.mx/DocsMEM/OpeMdo/CantidAsig/MDA/PorParticipanteMercado/CantAsigPartMercadoMDA%20BCS%20MDA%20Dia%202021-02-10%20v2021%2002%2009_14%2014%2009.csv
171,https://www.cenace.gob.mx/DocsMEM/OpeMdo/CantidAsig/MDA/PorParticipanteMercado/CantAsigPartMercadoMDA%20BCS%20MDA%20Dia%202021-02-10%20v2021%2002%2009_14%2014%2009.csv
172,https://www.cenace.gob.mx/DocsMEM/OpeMdo/CantidAsig/MDA/PorParticipanteMercado/CantAsigPartMercadoMDA%20BCS%20MDA%20Dia%202021-02-09%20v2021%2002%2008_14%2050%2026.csv
173,https://www.cenace.gob.mx/DocsMEM/OpeMdo/CantidAsig/MDA/PorParticipanteMercado/CantAsigPartMercadoMDA%20BCS%20MDA%20Dia%202021-02-09%20v2021%2002%2008_14%2050%2026.csv
174,https://www.cenace.gob.mx/DocsMEM/OpeMdo/CantidAsig/MDA/PorParticipanteMercado/CantAsigPartMercadoMDA%20BCS%20MDA%20Dia%202021-02-08%20v2021%2002%2007_14%2007%2057.csv
175,https://www.cenace.gob.mx/DocsMEM/OpeMdo/CantidAsig/MDA/PorParticipanteMercado/CantAsigPartMercadoMDA%20BCS%20MDA%20Dia%202021-02-08%20v2021%2002%2007_14%2007%2057.csv
176,https://www.cenace.gob.mx/DocsMEM/OpeMdo/CantidAsig/MDA/PorParticipanteMercado/CantAsigPartMercadoMDA%20BCS%20MDA%20Dia%202021-02-07%20v2021%2002%2006_14%2014%2039.csv
177,https://www.cenace.gob.mx/DocsMEM/OpeMdo/CantidAsig/MDA/PorParticipanteMercado/CantAsigPartMercadoMDA%20BCS%20MDA%20Dia%202021-02-07%20v2021%2002%2006_14%2014%2039.csv
178,https://www.cenace.gob.mx/DocsMEM/OpeMdo/CantidAsig/MDA/PorParticipanteMercado/CantAsigPartMercadoMDA%20BCS%20MDA%20Dia%202021-02-06%20v2021%2002%2005_14%2008%2048.csv
179,https://www.cenace.gob.mx/DocsMEM/OpeMdo/CantidAsig/MDA/PorParticipanteMercado/CantAsigPartMercadoMDA%20BCS%20MDA%20Dia%202021-02-06%20v2021%2002%2005_14%2008%2048.csv
180,https://www.cenace.gob.mx/DocsMEM/OpeMdo/CantidAsig/MDA/PorParticipanteMercado/CantAsigPartMercadoMDA%20BCS%20MDA%20Dia%202021-02-05%20v2021%2002%2004_14%2007%2019.csv
181,https://www.cenace.gob.mx/DocsMEM/OpeMdo/CantidAsig/MDA/PorParticipanteMercado/CantAsigPartMercadoMDA%20BCS%20MDA%20Dia%202021-02-05%20v2021%2002%2004_14%2007%2019.csv
182,https://www.cenace.gob.mx/DocsMEM/OpeMdo/CantidAsig/MDA/PorParticipanteMercado/CantAsigPartMercadoMDA%20BCS%20MDA%20Dia%202021-02-04%20v2021%2002%2003_14%2015%2007.csv
183,https://www.cenace.gob.mx/DocsMEM/OpeMdo/CantidAsig/MDA/PorParticipanteMercado/CantAsigPartMercadoMDA%20BCS%20MDA%20Dia%202021-02-04%20v2021%2002%2003_14%2015%2007.csv
184,https://www.cenace.gob.mx/DocsMEM/OpeMdo/CantidAsig/MDA/PorParticipanteMercado/CantAsigPartMercadoMDA%20BCS%20MDA%20Dia%202021-02-03%20v2021%2002%2002_14%2011%2035.csv
185,https://www.cenace.gob.mx/DocsMEM/OpeMdo/CantidAsig/MDA/PorParticipanteMercado/CantAsigPartMercadoMDA%20BCS%20MDA%20Dia%202021-02-03%20v2021%2002%2002_14%2011%2035.csv
186,https://www.cenace.gob.mx/DocsMEM/OpeMdo/CantidAsig/MDA/PorParticipanteMercado/CantAsigPartMercadoMDA%20BCS%20MDA%20Dia%202021-02-02%20v2021%2002%2001_14%2005%2041.csv
187,https://www.cenace.gob.mx/DocsMEM/OpeMdo/CantidAsig/MDA/PorParticipanteMercado/CantAsigPartMercadoMDA%20BCS%20MDA%20Dia%202021-02-02%20v2021%2002%2001_14%2005%2041.csv
188,https://www.cenace.gob.mx/DocsMEM/OpeMdo/CantidAsig/MDA/PorParticipanteMercado/CantAsigPartMercadoMDA%20BCS%20MDA%20Dia%202021-02-01%20v2021%2001%2031_14%2006%2056.csv
189,https://www.cenace.gob.mx/DocsMEM/OpeMdo/CantidAsig/MDA/PorParticipanteMercado/CantAsigPartMercadoMDA%20BCS%20MDA%20Dia%202021-02-01%20v2021%2001%2031_14%2006%2056.csv
190,https://www.cenace.gob.mx/DocsMEM/OpeMdo/CantidAsig/MDA/PorParticipanteMercado/CantAsigPartMercadoMDA%20SIN%20MDA%20Dia%202021-01-31%20v2021%2001%2030_17%2033%2050.csv
191,https://www.cenace.gob.mx/DocsMEM/OpeMdo/CantidAsig/MDA/PorParticipanteMercado/CantAsigPartMercadoMDA%20SIN%20MDA%20Dia%202021-01-31%20v2021%2001%2030_17%2033%2050.csv
192,https://www.cenace.gob.mx/DocsMEM/OpeMdo/CantidAsig/MDA/PorParticipanteMercado/CantAsigPartMercadoMDA%20SIN%20MDA%20Dia%202021-01-30%20v2021%2001%2029_16%2004%2058.csv
193,https://www.cenace.gob.mx/DocsMEM/OpeMdo/CantidAsig/MDA/PorParticipanteMercado/CantAsigPartMercadoMDA%20SIN%20MDA%20Dia%202021-01-30%20v2021%2001%2029_16%2004%2058.csv
194,https://www.cenace.gob.mx/DocsMEM/OpeMdo/CantidAsig/MDA/PorParticipanteMercado/CantAsigPartMercadoMDA%20SIN%20MDA%20Dia%202021-01-29%20v2021%2001%2028_16%2051%2050.csv
195,https://www.cenace.gob.mx/DocsMEM/OpeMdo/CantidAsig/MDA/PorParticipanteMercado/CantAsigPartMercadoMDA%20SIN%20MDA%20Dia%202021-01-29%20v2021%2001%2028_16%2051%2050.csv
196,https://www.cenace.gob.mx/DocsMEM/OpeMdo/CantidAsig/MDA/PorParticipanteMercado/CantAsigPartMercadoMDA%20SIN%20MDA%20Dia%202021-01-28%20v2021%2001%2027_15%2008%2014.csv
197,https://www.cenace.gob.mx/DocsMEM/OpeMdo/CantidAsig/MDA/PorParticipanteMercado/CantAsigPartMercadoMDA%20SIN%20MDA%20Dia%202021-01-28%20v2021%2001%2027_15%2008%2014.csv
198,https://www.cenace.gob.mx/DocsMEM/OpeMdo/CantidAsig/MDA/PorParticipanteMercado/CantAsigPartMercadoMDA%20SIN%20MDA%20Dia%202021-01-27%20v2021%2001%2026_17%2029%2015.csv
199,https://www.cenace.gob.mx/DocsMEM/OpeMdo/CantidAsig/MDA/PorParticipanteMercado/CantAsigPartMercadoMDA%20SIN%20MDA%20Dia%202021-01-27%20v2021%2001%2026_17%2029%2015.csv
200,https://www.cenace.gob.mx/DocsMEM/OpeMdo/CantidAsig/MDA/PorParticipanteMercado/CantAsigPartMercadoMDA%20SIN%20MDA%20Dia%202021-01-26%20v2021%2001%2025_16%2019%2009.csv
201,https://www.cenace.gob.mx/DocsMEM/OpeMdo/CantidAsig/MDA/PorParticipanteMercado/CantAsigPartMercadoMDA%20SIN%20MDA%20Dia%202021-01-26%20v2021%2001%2025_16%2019%2009.csv